{
  "chat_day_special_2": {
    "founder_id": "121375531",
    "founder_name": "nymie_the_pooh",
    "founded_at": "2025-10-30T18:09:44.093517+00:00"
  },
  "chat_10": {
    "founder_id": "929216269",
    "founder_name": "thedogvt",
    "founded_at": "2025-10-30T18:09:53.375897+00:00"
  },
  "gamble_total_win_1": {
    "founder_id": "929216269",
    "founder_name": "thedogvt",
    "founded_at": "2025-10-30T19:37:19.667387+00:00"
  },
  "gamble_total_loss_1": {
    "founder_id": "929216269",
    "founder_name": "thedogvt",
    "founded_at": "2025-10-30T19:37:19.667387+00:00"
  },
  "gamble_total_1": {
    "founder_id": "929216269",
    "founder_name": "thedogvt",
    "founded_at": "2025-10-30T19:37:19.667387+00:00"
  },
  "gamble_total_5": {
    "founder_id": "929216269",
    "founder_name": "thedogvt",
    "founded_at": "2025-10-30T19:38:51.820419+00:00"
  },
  "gamble_win_total_10k": {
    "founder_id": "632165551",
    "founder_name": "revilo2218",
    "founded_at": "2025-10-30T19:52:46.949612+00:00"
  },
  "gamble_win_total_100k": {
    "founder_id": "632165551",
    "founder_name": "revilo2218",
    "founded_at": "2025-10-30T19:52:46.950610+00:00"
  },
  "gamble_loss_total_100k": {
    "founder_id": "632165551",
    "founder_name": "revilo2218",
    "founded_at": "2025-10-30T19:53:22.872487+00:00"
  },
  "chat_day_halloween_2": {
    "founder_id": "929216269",
    "founder_name": "thedogvt",
    "founded_at": "2025-10-31T04:46:05.866132+00:00"
  },
  "cheer_message_100": {
    "founder_id": "929216269",
    "founder_name": "thedogvt",
    "founded_at": "2025-10-31T04:57:46.794385+00:00"
  },
  "cheer_time_1": {
    "founder_id": "929216269",
    "founder_name": "thedogvt",
    "founded_at": "2025-10-31T04:57:46.794882+00:00"
  },
  "cheer_time_10": {
    "founder_id": "929216269",
    "founder_name": "thedogvt",
    "founded_at": "2025-10-31T04:57:46.794882+00:00"
  },
  "cheer_42": {
    "founder_id": "929216269",
    "founder_name": "thedogvt",
    "founded_at": "2025-10-31T05:13:52.808773+00:00"
  },
  "cheer_message_1k": {
    "founder_id": "929216269",
    "founder_name": "thedogvt",
    "founded_at": "2025-10-31T05:14:39.777244+00:00"
  },
  "cheer_message_10k": {
    "founder_id": "929216269",
    "founder_name": "thedogvt",
    "founded_at": "2025-10-31T05:14:39.777741+00:00"
  },
  "cheer_cumulative_10k": {
    "founder_id": "929216269",
    "founder_name": "thedogvt",
    "founded_at": "2025-10-31T05:14:39.778238+00:00"
  },
  "cheer_1": {
    "founder_id": "632165551",
    "founder_name": "revilo2218",
    "founded_at": "2025-10-31T05:16:19.561396+00:00"
  },
  "cheer_2": {
    "founder_id": "632165551",
    "founder_name": "revilo2218",
    "founded_at": "2025-10-31T05:20:19.795596+00:00"
  },
  "donation_1": {
    "founder_id": "929216269",
    "founder_name": "thedogvt",
    "founded_at": "2025-10-31T18:33:28.219107+00:00"
  },
  "donate_date_2": {
    "founder_id": "929216269",
    "founder_name": "thedogvt",
    "founded_at": "2025-10-31T18:33:28.219107+00:00"
  },
  "donation_10": {
    "founder_id": "1237882084",
    "founder_name": "maypleleafvt",
    "founded_at": "2025-10-31T18:34:14.209031+00:00"
  },
  "donation_exact_13": {
    "founder_id": "929216269",
    "founder_name": "thedogvt",
    "founded_at": "2025-10-31T18:35:56.611770+00:00"
  },
  "donation_cumulative_200": {
    "founder_id": "929216269",
    "founder_name": "thedogvt",
    "founded_at": "2025-10-31T18:47:08.868048+00:00"
  },
  "gifted_times_1": {
    "founder_id": "929216269",
    "founder_name": "thedogvt",
    "founded_at": "2025-11-01T02:58:45.330998+00:00"
  },
  "gifted_times_2": {
    "founder_id": "929216269",
    "founder_name": "thedogvt",
    "founded_at": "2025-11-01T02:58:45.331998+00:00"
  },
  "gifted_times_5": {
    "founder_id": "929216269",
    "founder_name": "thedogvt",
    "founded_at": "2025-11-01T03:04:34.928290+00:00"
  },
  "gifted_cumulative_5": {
    "founder_id": "929216269",
    "founder_name": "thedogvt",
    "founded_at": "2025-11-01T03:05:07.489116+00:00"
  },
  "gifted_times_10": {
    "founder_id": "929216269",
    "founder_name": "thedogvt",
    "founded_at": "2025-11-01T03:22:16.728150+00:00"
  },
  "gifted_times_20": {
    "founder_id": "929216269",
    "founder_name": "thedogvt",
    "founded_at": "2025-11-01T03:43:14.041857+00:00"
  },
  "redeem_pet_1": {
    "founder_id": "929216269",
    "founder_name": "thedogvt",
    "founded_at": "2025-11-01T14:33:24.844499+00:00"
  },
  "redeem_total": {
    "founder_id": "929216269",
    "founder_name": "thedogvt",
    "founded_at": "2025-11-01T14:33:24.845499+00:00"
  },
  "redeem_pet_5": {
    "founder_id": "929216269",
    "founder_name": "thedogvt",
    "founded_at": "2025-11-01T14:35:18.296500+00:00"
  },
  "chat_100": {
    "founder_id": "929216269",
    "founder_name": "thedogvt",
    "founded_at": "2025-11-02T18:04:16.901547+00:00"
  },
  "chat_howl": {
    "founder_id": "929216269",
    "founder_name": "thedogvt",
    "founded_at": "2025-11-03T16:17:58.971340+00:00"
  },
  "gamble_slick": {
    "founder_id": "929216269",
    "founder_name": "thedogvt",
    "founded_at": "2025-11-03T16:44:02.593325+00:00"
  },
  "chat_500": {
    "founder_id": "929216269",
    "founder_name": "thedogvt",
    "founded_at": "2025-11-04T20:18:27.740882+00:00"
  },
  "chat_1k": {
    "founder_id": "929216269",
    "founder_name": "thedogvt",
    "founded_at": "2025-11-04T20:18:27.741881+00:00"
  },
  "chat_5k": {
    "founder_id": "929216269",
    "founder_name": "thedogvt",
    "founded_at": "2025-11-04T20:18:27.741881+00:00"
  },
  "chat_10k": {
    "founder_id": "929216269",
    "founder_name": "thedogvt",
    "founded_at": "2025-11-04T20:18:27.742881+00:00"
  },
  "chat_bath": {
    "founder_id": "929216269",
    "founder_name": "thedogvt",
    "founded_at": "2025-11-04T21:04:15.654559+00:00"
  },
  "chat_walk": {
    "founder_id": "632165551",
    "founder_name": "revilo2218",
    "founded_at": "2025-11-05T21:19:35.891167+00:00"
  },
  "chat_treats": {
    "founder_id": "1217525523",
    "founder_name": "humandperson",
    "founded_at": "2025-11-05T21:24:34.018452+00:00"
  },
  "chat_bork": {
    "founder_id": "929216269",
    "founder_name": "thedogvt",
    "founded_at": "2025-11-06T04:29:27.737502+00:00"
  },
  "chat_tail": {
    "founder_id": "409826958",
    "founder_name": "bananaarenotreal",
    "founded_at": "2025-11-06T17:58:48.065489+00:00"
  },
  "chat_pet": {
    "founder_id": "409826958",
    "founder_name": "bananaarenotreal",
    "founded_at": "2025-11-06T20:57:54.506189+00:00"
  },
  "chat_chaos": {
    "founder_id": "67514314",
    "founder_name": "puddleink",
    "founded_at": "2025-11-06T20:59:47.540981+00:00"
  },
  "redeem_first_1": {
    "founder_id": "409826958",
    "founder_name": "bananaarenotreal",
    "founded_at": "2025-11-06T21:01:00.121994+00:00"
  },
  "redeem_checkin_1": {
    "founder_id": "409826958",
    "founder_name": "bananaarenotreal",
    "founded_at": "2025-11-06T21:01:03.401249+00:00"
  },
  "cheer_3": {
    "founder_id": "58983197",
    "founder_name": "pancakeman_49",
    "founded_at": "2025-11-06T21:02:31.829506+00:00"
  },
  "cheer_4": {
    "founder_id": "58983197",
    "founder_name": "pancakeman_49",
    "founded_at": "2025-11-06T21:02:33.664365+00:00"
  },
  "cheer_7": {
    "founder_id": "58983197",
    "founder_name": "pancakeman_49",
    "founded_at": "2025-11-06T21:02:40.574383+00:00"
  },
  "cheer_8": {
    "founder_id": "58983197",
    "founder_name": "pancakeman_49",
    "founded_at": "2025-11-06T21:02:44.870900+00:00"
  },
  "cheer_10": {
    "founder_id": "58983197",
    "founder_name": "pancakeman_49",
    "founded_at": "2025-11-06T21:02:48.896023+00:00"
  },
  "cheer_12": {
    "founder_id": "58983197",
    "founder_name": "pancakeman_49",
    "founded_at": "2025-11-06T21:02:52.376811+00:00"
  },
  "cheer_13": {
    "founder_id": "58983197",
    "founder_name": "pancakeman_49",
    "founded_at": "2025-11-06T21:02:55.196386+00:00"
  },
  "chat_ball": {
    "founder_id": "929216269",
    "founder_name": "thedogvt",
    "founded_at": "2025-11-06T21:03:46.235392+00:00"
  },
  "chat_squirrel": {
    "founder_id": "727832322",
    "founder_name": "tire_dx",
    "founded_at": "2025-11-06T21:06:35.745185+00:00"
  },
  "chat_fetch": {
    "founder_id": "727832322",
    "founder_name": "tire_dx",
    "founded_at": "2025-11-06T21:08:25.094184+00:00"
  },
  "chat_goodboy": {
    "founder_id": "929216269",
    "founder_name": "thedogvt",
    "founded_at": "2025-11-06T21:09:27.219956+00:00"
  },
  "redeem_total_5": {
    "founder_id": "693171946",
    "founder_name": "knight_andromeda",
    "founded_at": "2025-11-06T21:09:30.733390+00:00"
  },
  "chat_sniff": {
    "founder_id": "58983197",
    "founder_name": "pancakeman_49",
    "founded_at": "2025-11-06T21:13:40.429262+00:00"
  },
  "redeem_total_10": {
    "founder_id": "693171946",
    "founder_name": "knight_andromeda",
    "founded_at": "2025-11-06T21:31:18.925785+00:00"
  },
  "chat_dog_god": {
    "founder_id": "136698438",
    "founder_name": "dashoanxiety",
    "founded_at": "2025-11-06T22:47:56.413877+00:00"
  },
  "chat_stick": {
    "founder_id": "741690485",
    "founder_name": "ghostiegwen",
    "founded_at": "2025-11-06T23:34:20.151936+00:00"
  },
  "gifted_cumulative_10": {
    "founder_id": "632165551",
    "founder_name": "revilo2218",
    "founded_at": "2025-11-07T00:53:04.895127+00:00"
  },
  "gifted_cumulative_15": {
    "founder_id": "632165551",
    "founder_name": "revilo2218",
    "founded_at": "2025-11-07T00:53:04.896627+00:00"
  },
  "gifted_cumulative_20": {
    "founder_id": "632165551",
    "founder_name": "revilo2218",
    "founded_at": "2025-11-07T00:53:04.898127+00:00"
  },
  "gifted_cumulative_25": {
    "founder_id": "632165551",
    "founder_name": "revilo2218",
    "founded_at": "2025-11-07T00:53:04.899131+00:00"
  },
  "gifted_cumulative_30": {
    "founder_id": "632165551",
    "founder_name": "revilo2218",
    "founded_at": "2025-11-07T00:53:04.900627+00:00"
  },
  "gifted_cumulative_40": {
    "founder_id": "632165551",
    "founder_name": "revilo2218",
    "founded_at": "2025-11-07T00:53:04.901628+00:00"
  },
  "gifted_cumulative_50": {
    "founder_id": "632165551",
    "founder_name": "revilo2218",
    "founded_at": "2025-11-07T00:53:04.902626+00:00"
  },
  "cheer_100": {
    "founder_id": "632165551",
    "founder_name": "revilo2218",
    "founded_at": "2025-11-07T00:53:42.248169+00:00"
  },
  "redeem_checkin_2": {
    "founder_id": "58983197",
    "founder_name": "pancakeman_49",
    "founded_at": "2025-11-08T21:00:46.419696+00:00"
  },
  "gamble_loss_total_1m": {
    "founder_id": "133017905",
    "founder_name": "problem_source",
    "founded_at": "2025-11-08T21:02:10.507374+00:00"
  },
  "gamble_win_total_1m": {
    "founder_id": "133017905",
    "founder_name": "problem_source",
    "founded_at": "2025-11-08T21:12:06.417195+00:00"
  },
  "redeem_total_25": {
    "founder_id": "693171946",
    "founder_name": "knight_andromeda",
    "founded_at": "2025-11-08T21:14:08.609041+00:00"
  },
  "gamble_loss_total_10m": {
    "founder_id": "647857221",
    "founder_name": "swaperado",
    "founded_at": "2025-11-08T22:23:43.065986+00:00"
  },
  "gamble_loss_total_100m": {
    "founder_id": "647857221",
    "founder_name": "swaperado",
    "founded_at": "2025-11-08T22:23:43.067489+00:00"
  },
  "gamble_loss_total_1b": {
    "founder_id": "647857221",
    "founder_name": "swaperado",
    "founded_at": "2025-11-08T22:23:43.067986+00:00"
  },
  "chat_food_bowl": {
    "founder_id": "1048197969",
    "founder_name": "artic_steen2",
    "founded_at": "2025-11-08T22:26:04.482908+00:00"
  },
  "gamble_win_total_10m": {
    "founder_id": "133017905",
    "founder_name": "problem_source",
    "founded_at": "2025-11-08T22:42:35.811432+00:00"
  },
  "chat_true_form": {
    "founder_id": "763436033",
    "founder_name": "princess__ducky",
    "founded_at": "2025-11-08T22:55:35.685348+00:00"
  },
  "test": {
    "founder_id": "763436033",
    "founder_name": "princess__ducky",
    "founded_at": "2025-11-08T22:55:35.685848+00:00"
  },
  "chat_stinky": {
    "founder_id": "763436033",
    "founder_name": "princess__ducky",
    "founded_at": "2025-11-08T22:55:35.686348+00:00"
  },
  "chat_sleepy": {
    "founder_id": "763436033",
    "founder_name": "princess__ducky",
    "founded_at": "2025-11-08T22:55:35.687348+00:00"
  },
  "chat_rage": {
    "founder_id": "763436033",
    "founder_name": "princess__ducky",
    "founded_at": "2025-11-08T22:55:35.687848+00:00"
  },
  "chat_bellyrub": {
    "founder_id": "763436033",
    "founder_name": "princess__ducky",
    "founded_at": "2025-11-08T22:55:35.689348+00:00"
  },
  "chat_biscuits": {
    "founder_id": "763436033",
    "founder_name": "princess__ducky",
    "founded_at": "2025-11-08T22:55:35.690348+00:00"
  },
  "chat_protect": {
    "founder_id": "763436033",
    "founder_name": "princess__ducky",
    "founded_at": "2025-11-08T22:55:35.690848+00:00"
  },
  "test_0": {
    "founder_id": "133017905",
    "founder_name": "problem_source",
    "founded_at": "2025-11-08T23:00:29.690382+00:00"
  },
  "redeem_pet_10": {
    "founder_id": "136698438",
    "founder_name": "dashoanxiety",
    "founded_at": "2025-11-11T23:28:39.116030+00:00"
  },
  "cheer_16": {
    "founder_id": "257377426",
    "founder_name": "phenakism5",
    "founded_at": "2025-11-13T22:14:48.443623+00:00"
  },
  "redeem_checkin_5": {
    "founder_id": "693171946",
    "founder_name": "knight_andromeda",
    "founded_at": "2025-11-14T20:59:29.423333+00:00"
  },
  "cheer_10000": {
    "founder_id": "1237882084",
    "founder_name": "maypleleafvt",
    "founded_at": "2025-11-14T23:26:23.986765+00:00"
  },
  "redeem_total_50": {
    "founder_id": "693171946",
    "founder_name": "knight_Andromeda",
    "founded_at": "2025-11-18T00:30:46.786605+00:00"
  },
  "redeem_checkin_10": {
    "founder_id": "67514314",
    "founder_name": "puddleink",
    "founded_at": "2025-11-18T21:04:11.964355+00:00"
  },
  "79": {
    "founder_id": "257377426",
    "founder_name": "phenakism5",
    "founded_at": "2025-11-18T23:08:54.371182+00:00"
  },
  "cheer_69": {
    "founder_id": "257377426",
    "founder_name": "phenakism5",
    "founded_at": "2025-11-24T21:26:20.248496+00:00"
  },
  "gamble_win_total_100m": {
    "founder_id": "562037573",
    "founder_name": "crypticcalamity77",
    "founded_at": "2025-11-27T21:59:36.418976+00:00"
  },
  "gamble_jackpot_total_1": {
    "founder_id": "58983197",
    "founder_name": "pancakeman_49",
    "founded_at": "2025-11-28T23:53:26.874572+00:00"
  },
  "redeem_total_100": {
    "founder_id": "693171946",
    "founder_name": "knight_Andromeda",
    "founded_at": "2025-12-01T21:03:22.738640+00:00"
  },
  "gifted_instance_5": {
    "founder_id": "121375531",
    "founder_name": "nymie_the_pooh",
    "founded_at": "2025-12-01T21:10:52.157195+00:00"
  },
  "redeem_pet_25": {
    "founder_id": "693171946",
    "founder_name": "knight_Andromeda",
    "founded_at": "2025-12-02T21:19:33.565111+00:00"
  },
  "redeem_first_10": {
    "founder_id": "693171946",
    "founder_name": "knight_Andromeda",
    "founded_at": "2025-12-06T20:59:59.618774+00:00"
  },
  "redeem_checkin_30": {
    "founder_id": "67514314",
    "founder_name": "puddleink",
    "founded_at": "2025-12-13T21:00:40.326655+00:00"
  },
  "redeem_total_150": {
    "founder_id": "693171946",
    "founder_name": "knight_Andromeda",
    "founded_at": "2025-12-16T21:00:33.133770+00:00"
  },
  "subathon_2025": {
    "founder_id": "1217525523",
    "founder_name": "humandperson",
    "founded_at": "2025-12-22T21:00:12.278914+00:00"
  },
  "redeem_pet_50": {
    "founder_id": "693171946",
    "founder_name": "knight_Andromeda",
    "founded_at": "2025-12-23T01:09:32.337412+00:00"
  },
  "subathon_2025_any": {
    "founder_id": "67514314",
    "founder_name": "puddleink",
    "founded_at": "2025-12-23T20:55:21.231748+00:00"
  },
  "cheer_cumulative_20k": {
    "founder_id": "257377426",
    "founder_name": "phenakism5",
    "founded_at": "2025-12-24T00:03:51.592620+00:00"
  },
  "redeem_total_200": {
    "founder_id": "693171946",
    "founder_name": "knight_Andromeda",
    "founded_at": "2025-12-24T00:44:15.692119+00:00"
  },
  "gifted_instance_10": {
    "founder_id": "656844068",
    "founder_name": "oculusvisionss",
    "founded_at": "2025-12-24T21:22:19.032812+00:00"
  },
  "gifted_cumulative_75": {
    "founder_id": "409826958",
    "founder_name": "bananaarenotreal",
    "founded_at": "2025-12-25T00:01:44.478139+00:00"
  },
  "gifted_cumulative_100": {
    "founder_id": "409826958",
    "founder_name": "bananaarenotreal",
    "founded_at": "2025-12-25T00:01:44.480652+00:00"
  },
  "gifted_cumulative_150": {
    "founder_id": "409826958",
    "founder_name": "bananaarenotreal",
    "founded_at": "2025-12-25T00:01:44.481651+00:00"
  },
  "gifted_instance_20": {
    "founder_id": "409826958",
    "founder_name": "bananaarenotreal",
    "founded_at": "2025-12-25T00:18:16.495540+00:00"
  },
  "birthday_2025": {
    "founder_id": "100135110",
    "founder_name": "streamelements",
    "founded_at": "2025-12-26T20:00:58.293802+00:00"
  },
  "redeem_pet_100": {
    "founder_id": "693171946",
    "founder_name": "knight_Andromeda",
    "founded_at": "2025-12-27T23:40:41.973462+00:00"
  },
  "redeem_total_300": {
    "founder_id": "693171946",
    "founder_name": "knight_Andromeda",
    "founded_at": "2025-12-27T23:40:46.156147+00:00"
  },
  "cheer_25": {
    "founder_id": "203399678",
    "founder_name": "franzi_161",
    "founded_at": "2025-12-28T21:25:29.561126+00:00"
  },
  "redeem_first_25": {
    "founder_id": "693171946",
    "founder_name": "knight_Andromeda",
    "founded_at": "2025-12-31T21:00:55.054236+00:00"
  },
  "cheer_99": {
    "founder_id": "203399678",
    "founder_name": "franzi_161",
    "founded_at": "2025-12-31T21:22:42.329564+00:00"
  },
  "redeem_checkin_60": {
    "founder_id": "67514314",
    "founder_name": "Puddleink",
    "founded_at": "2026-01-17T20:59:28.316222+00:00"
  },
  "redeem_total_400": {
    "founder_id": "693171946",
    "founder_name": "knight_Andromeda",
    "founded_at": "2026-01-19T22:48:07.660540+00:00"
  },
  "redeem_first_31": {
    "founder_id": "693171946",
    "founder_name": "knight_Andromeda",
    "founded_at": "2026-01-24T21:39:01.650753+00:00"
  },
  "chat_floofy": {
    "founder_id": "977710092",
    "founder_name": "beep_boop1716",
    "founded_at": "2026-02-07T21:41:32.420162+00:00"
  },
  "chat_floof": {
    "founder_id": "58983197",
    "founder_name": "pancakeman_49",
    "founded_at": "2026-02-07T21:41:52.537729+00:00"
  },
  "chat_lick": {
    "founder_id": "67514314",
    "founder_name": "puddleink",
    "founded_at": "2026-02-07T21:49:05.662558+00:00"
  },
  "chat_sit": {
    "founder_id": "133017905",
    "founder_name": "problem_source",
    "founded_at": "2026-02-07T22:12:57.808390+00:00"
  },
  "chat_yap": {
    "founder_id": "62776423",
    "founder_name": "onyxmetalwolf",
    "founded_at": "2026-02-07T22:24:33.056530+00:00"
  },
  "chat_paw": {
    "founder_id": "1394284208",
    "founder_name": "xo_twiggles_ox",
    "founded_at": "2026-02-08T21:02:34.025719+00:00"
  },
  "chat_woofwoof": {
    "founder_id": "1200729578",
    "founder_name": "mikazukinu",
    "founded_at": "2026-02-08T21:17:33.170573+00:00"
  },
  "chat_scratch": {
    "founder_id": "54948328",
    "founder_name": "bitterashes",
    "founded_at": "2026-02-08T22:42:06.514804+00:00"
  },
  "chat_brush": {
    "founder_id": "1410945801",
    "founder_name": "yukitheghostvt",
    "founded_at": "2026-02-08T22:56:59.484279+00:00"
  },
  "chat_park": {
    "founder_id": "1436453092",
    "founder_name": "krishawk1909",
    "founded_at": "2026-02-08T23:54:07.568570+00:00"
  },
  "chat_vet": {
    "founder_id": "1217525523",
    "founder_name": "humandperson",
    "founded_at": "2026-02-08T23:55:23.426843+00:00"
  },
  "chat_peanut": {
    "founder_id": "1217525523",
    "founder_name": "humandperson",
    "founded_at": "2026-02-08T23:56:17.551808+00:00"
  },
  "chat_carride": {
    "founder_id": "1217525523",
    "founder_name": "humandperson",
    "founded_at": "2026-02-09T00:01:23.467991+00:00"
  },
  "chat_mailman": {
    "founder_id": "54948328",
    "founder_name": "bitterashes",
    "founded_at": "2026-02-09T00:03:45.778839+00:00"
  },
  "chat_bone": {
    "founder_id": "81344369",
    "founder_name": "mobiuswhiteoak",
    "founded_at": "2026-02-09T00:04:09.746164+00:00"
  },
  "chat_tug": {
    "founder_id": "81344369",
    "founder_name": "mobiuswhiteoak",
    "founded_at": "2026-02-09T00:04:50.061035+00:00"
  },
  "chat_leash": {
    "founder_id": "133017905",
    "founder_name": "problem_source",
    "founded_at": "2026-02-09T00:05:11.057248+00:00"
  },
  "chat_pupper": {
    "founder_id": "133017905",
    "founder_name": "problem_source",
    "founded_at": "2026-02-09T00:06:44.575760+00:00"
  },
  "chat_snoot": {
    "founder_id": "67514314",
    "founder_name": "puddleink",
    "founded_at": "2026-02-09T00:07:40.505179+00:00"
  },
  "chat_boop": {
    "founder_id": "81344369",
    "founder_name": "mobiuswhiteoak",
    "founded_at": "2026-02-09T00:07:53.636550+00:00"
  },
  "chat_pupcup": {
    "founder_id": "1073475877",
    "founder_name": "the___wind_",
    "founded_at": "2026-02-09T00:12:02.753955+00:00"
  },
  "chat_dig": {
    "founder_id": "62776423",
    "founder_name": "onyxmetalwolf",
    "founded_at": "2026-02-09T00:13:23.951973+00:00"
  },
  "chat_playdead": {
    "founder_id": "62776423",
    "founder_name": "onyxmetalwolf",
    "founded_at": "2026-02-09T00:14:59.523408+00:00"
  },
  "chat_shake": {
    "founder_id": "81344369",
    "founder_name": "mobiuswhiteoak",
    "founded_at": "2026-02-09T00:15:29.051663+00:00"
  },
  "chat_rollover": {
    "founder_id": "1410945801",
    "founder_name": "yukitheghostvt",
    "founded_at": "2026-02-09T00:15:35.167138+00:00"
  },
  "chat_baddog": {
    "founder_id": "67514314",
    "founder_name": "puddleink",
    "founded_at": "2026-02-09T00:15:38.782209+00:00"
  },
  "chat_pawfive": {
    "founder_id": "81344369",
    "founder_name": "mobiuswhiteoak",
    "founded_at": "2026-02-09T00:15:50.470405+00:00"
  },
  "chat_frisbee": {
    "founder_id": "62776423",
    "founder_name": "onyxmetalwolf",
    "founded_at": "2026-02-09T00:16:18.034265+00:00"
  },
  "chat_chasetail": {
    "founder_id": "1410945801",
    "founder_name": "yukitheghostvt",
    "founded_at": "2026-02-09T00:16:23.252203+00:00"
  },
  "chat_trick": {
    "founder_id": "1410945801",
    "founder_name": "yukitheghostvt",
    "founded_at": "2026-02-09T00:17:56.464945+00:00"
  },
  "chat_growl": {
    "founder_id": "643263951",
    "founder_name": "musicalturtle10",
    "founded_at": "2026-02-09T00:18:29.458522+00:00"
  },
  "chat_vacuum": {
    "founder_id": "136698438",
    "founder_name": "dashoanxiety",
    "founded_at": "2026-02-09T00:21:39.040820+00:00"
  },
  "chat_cuddle": {
    "founder_id": "1410945801",
    "founder_name": "yukitheghostvt",
    "founded_at": "2026-02-09T00:23:39.623920+00:00"
  },
  "chat_doge": {
    "founder_id": "37762754",
    "founder_name": "silvbells",
    "founded_at": "2026-02-09T21:09:29.324348+00:00"
  },
  "chat_spelled_forbidden": {
    "founder_id": "37762754",
    "founder_name": "silvbells",
    "founded_at": "2026-02-09T21:24:25.991749+00:00"
  },
  "chat_puppyeyes": {
    "founder_id": "490057741",
    "founder_name": "gigachad_of_earth",
    "founded_at": "2026-02-13T00:36:19.497028+00:00"
  }
}