{
  "pancakeman_49": "58983197",
  "revilo2218": "632165551",
  "testuser": "123456789",
  "mimisdk943": "911997419",
  "humandperson": "1217525523",
  "crypticcalamity77": "562037573",
  "fangthecrystalwolf": "1348267292",
  "sassyqueencaitlin2005": "479108015",
  "streamelements": "100135110",
  "sery_bot": "402337290",
  "chloe_bunnychocolate": "1233185752",
  "mimitan3": "180762570",
  "burst_banana": "630000822",
  "skyshadowcougarblaze": "647946312",
  "tire_dx": "727832322",
  "ogi09876": "1145055004",
  "sunkisssedqt": "567472361",
  "ainsoalgown666": "196465198",
  "big_boy_burfy": "1384083766",
  "dashoanxiety": "136698438",
  "cmzenith": "892472213",
  "koishi__komeiji__azuri": "1087403426",
  "newday907": "505228336",
  "mephisto_5558": "599711854",
  "doomed_yaoi": "1339409404",
  "dunielreal": "998429856",
  "wolfy76554": "1274821480",
  "spicy_sodaa": "419978084",
  "foxtrap723": "864284914",
  "gigachad_of_earth": "490057741",
  "mobiuswhiteoak": "81344369",
  "stephan_1198": "499120123",
  "lavenderkitty901": "1363555202",
  "gloria_3d": "120059452",
  "trickdrummer": "715636897",
  "dreamon_hunter1628": "606460199",
  "adodge": "127742847",
  "tangiabot": "853402143",
  "c4li_4thelolz": "1365614967",
  "oculusvisionss": "656844068",
  "santabunny_": "42420625",
  "ghostiegwen": "741690485",
  "jack_n_2": "526986599",
  "deadbonettv": "757576796",
  "coco1931": "986160120",
  "alxfox": "402087734",
  "0nigirya2": "1042487452",
  "swaperado": "647857221",
  "meepisstinky": "1390340900",
  "gregslayer_69": "1068074107",
  "majjokes": "1050437215",
  "skybreezyx": "1046389190",
  "ruby_rose_queen": "554987471",
  "princess__ducky": "763436033",
  "lolgabi090": "1131594613",
  "i_ate_bulbasaur_": "1118326224",
  "crabicq": "951588946",
  "leylakocho": "1341776991",
  "theandrewyesthatone": "1323397653",
  "pickles_68": "842148339",
  "jellyapp": "50092965",
  "imasamwich": "223110733",
  "kaibovt": "424661044",
  "alyyy7530": "1317816657",
  "happystalker21": "188364316",
  "themilkforyourdad": "1112195794",
  "sagethelostvexmind": "888705235",
  "hussienraad": "686531352",
  "crustybirdtoes": "800772839",
  "haruthedogvt": "924649737",
  "barghest_simp": "1018845516",
  "nicollas2100": "1039412964",
  "kristianiastorm": "1044411061",
  "mikazukieclipse": "1358806246",
  "lucky_raccon": "1210153806",
  "jomama1027yeet": "1312285001",
  "darbyblastvt": "1047280136",
  "alexandriaofficial001": "1392788751",
  "inthecornerpertingthedog": "1214291598",
  "kurosky0": "925773711",
  "akos294": "1341040137",
  "jst51": "1200457990",
  "prince_charming101": "465293820",
  "thegreatprince_charming": "240484118",
  "riri_pupperr": "1390333039",
  "bytebin": "1128982823",
  "ghostnyappa": "70573567",
  "savinski": "841043580",
  "knight_andromeda": "693171946",
  "light_is_the_one": "1148272331",
  "is_insaiyan": "44688383",
  "wafflecat40": "1138583948",
  "winterblossomss": "593452869",
  "theimpregnatorrr": "755045742",
  "pwince_1": "1337987441",
  "fenrir2401": "230033344",
  "nikt_i_nic": "1152549307",
  "digifrozt": "1047300111",
  "yugiohzilla3000": "1355343191",
  "ldaniel0p0": "1273720054",
  "tankkiller55": "1158569751",
  "franzi_161": "203399678",
  "rozeavt": "698770627",
  "alicefilian": "1136875195",
  "hitzip": "36204757",
  "nelseru": "58170934",
  "mikibirov": "1307056046",
  "foxattack1499": "1344958303",
  "goldchiwawa": "803296743",
  "niklas_b8": "585638569",
  "bearandpatch": "1172298489",
  "lxv_starling": "1300719957",
  "flufwulf": "146947483",
  "sadexecutioner12": "542922808",
  "oliver091109": "1242213674",
  "joeysratticateuwu": "467804765",
  "senora_pp": "890054663",
  "myrly_angelic": "554089180",
  "sensei1013": "1386993160",
  "thedrexter": "193000807",
  "xykovuciphier": "57494854",
  "ice_iiing": "1142288079",
  "bxadjaiden": "943809388",
  "powpownoeks": "113857920",
  "tenmahakumei": "52234596",
  "pyrofoxarts": "198644616",
  "dirtyharryzx": "1354183278",
  "xtra_drypirana": "1153825949",
  "au181_19b": "535355234",
  "ansgardplays": "38586434",
  "mistymarina": "888711028",
  "zxr_sab": "1370331953",
  "tukatanuki": "68427772",
  "heramagne": "153639652",
  "purrplek4t": "910558054",
  "kitsuro_the_foxxo": "856267736",
  "dinosharks550": "1306197672",
  "avia_aka_imutune": "537387940",
  "rhypi": "57512725",
  "totaledturtle": "71392661",
  "bigkevingillespie": "109067727",
  "desertedcore123": "679880383",
  "starrytheneko": "884776863",
  "jimbob9765": "1349724642",
  "the_british_axolotl": "1123429298",
  "cami_trxsh": "683026555",
  "spreadsheetsaysnya": "110533500",
  "fallen_ashes44": "551545873",
  "eclipx1a": "779604055",
  "devilevillo": "697392710",
  "syrup1395": "1317813952",
  "unknown_allies": "1344356701",
  "pelicanboy1": "843104951",
  "hecatahexer": "39563987",
  "maskedelitettv": "802391862",
  "reverse_healer_": "1268085547",
  "ariadne_hiya": "1317027373",
  "mute021_": "984456422",
  "vtubertoesucker": "1345512679",
  "nymie_the_pooh": "121375531",
  "duck_myonly1": "1372174756",
  "minksterx": "898424594",
  "groudon96": "534811321",
  "forgotten_dreamers": "815554677",
  "misteryousface": "760207703",
  "thewafflehouse111111": "1058802817",
  "mika_here17": "1312150189",
  "maria_thetraveler": "1393657357",
  "aplushypuppy": "131976986",
  "astuccio94": "748257907",
  "chubsvt": "888694006",
  "captainheadshot123": "1337279541",
  "kilian_graves": "1191744974",
  "blooddragon3450": "1344406504",
  "89966825": "1120933852",
  "cookieman770": "939092952",
  "hashiranova": "546128584",
  "ladygrimara": "683042186",
  "rollhamster": "929792830",
  "soluna_moonwake": "1066007920",
  "pawe_tnt": "160219062",
  "judgekaty": "1370710818",
  "6the6devil_6": "486602112",
  "ashenmei": "686972320",
  "claireisnotreal69": "1325545374",
  "tripletrackedtrains": "505252032",
  "chrzaszcz_zszczebrzeszyna": "1374829967",
  "arthfell": "847264223",
  "emyriandragon22": "575234962",
  "itsmeheiri": "159569971",
  "rayne_aldene": "1218402425",
  "ratchefargile": "42164444",
  "rujamire_": "199371285",
  "starlight_novatrix": "847988857",
  "kirin878": "684980723",
  "sentai_vt": "604037268",
  "frogsprite": "872257078",
  "travistheniceguy": "832340139",
  "serxen0": "106709482",
  "luv_buggy_kali": "1148350214",
  "rayray13562": "1358922551",
  "psibrrr": "41656473",
  "jayl224": "996069258",
  "neostriker92": "848664780",
  "katelyn1975634": "1386805000",
  "randomsillygooberr": "1356501613",
  "faelinyameow": "1000321704",
  "job__applications": "1089868127",
  "r0ch3r_2022": "848439014",
  "jazzylover67": "1355307864",
  "wahwahwahwahwahwahwahwaha": "1379483930",
  "shern__gaming": "648876734",
  "kellyskranium": "57385088",
  "arteevt": "84831173",
  "exigious": "25895995",
  "his_mist": "611938079",
  "mikazukizenichiro": "463677351",
  "mr_teddybeartv": "1034853932",
  "kodajen13": "1384730630",
  "justin15fr": "1106355483",
  "chancla_gamer777": "519836271",
  "elijah2077_": "1052998061",
  "blank_named_user": "497234043",
  "tallarinesconpik0": "1010899914",
  "thecat01_": "718418117",
  "uncagedcrow": "1051782760",
  "ns_nuhcorp": "711808021",
  "cynyde17": "38391446",
  "sleepyjazzy_": "518998018",
  "job_application725": "1396174769",
  "dannydonkeypng": "189082382",
  "stormwastaken2": "650983945",
  "radigg112": "1062199821",
  "catlover13240705": "1333258111",
  "boopybeth245": "1267539633",
  "allsaintskill": "1326274016",
  "morzbun": "1377239314",
  "crystalcandy1": "1305027124",
  "dannyboysss3456": "604369251",
  "justlikeclockw0rk": "1296081896",
  "goober_thetism_wizard": "1345359852",
  "rumihunter0": "1339290267",
  "liz334": "773633263",
  "moodiducki": "900313424",
  "mazetaant": "172947444",
  "problem_source": "133017905",
  "mobiusstripss": "156624376",
  "soubigo": "161680330",
  "shyguy336theppg": "1401947018",
  "kuroyoma123": "986375338",
  "casper_67_": "1401357282",
  "joker221_knight": "1336918473",
  "launag6": "1322245838",
  "legalpainter": "537680648",
  "vquid": "565447527",
  "m1lkyway_00": "569582323",
  "ornix_rinegore": "728442357",
  "unmaskeds_": "944680056",
  "topdart1": "1384711141",
  "tiredmitsu": "821273646",
  "phenakism5": "257377426",
  "deadinlight": "120570475",
  "x_bluedxd": "546152439",
  "polyneura": "39448417",
  "therealemoboi": "727574067",
  "benstar029": "490956934",
  "tehdualityofman": "934975231",
  "melousvt": "130135703",
  "riyaad_123": "1096825030",
  "bloodyking232": "600914251",
  "neuro_fission": "36726707",
  "ghostv08": "685033795",
  "leegio_": "466780801",
  "shinigami_doll": "88606885",
  "kageadyakar": "97700891",
  "sorithestar": "1121876817",
  "neeko_kat": "679729910",
  "veri": "100443699",
  "meowmeowkity": "31556186",
  "oracleoforanges": "263603735",
  "nacktoothy": "653675661",
  "dolpiy_314": "1412289361",
  "notelmgameryt": "1377291581",
  "feetenjoyer2659": "1410637712",
  "darkus_percival___": "454916550",
  "yukio_samatv": "840995106",
  "cacklecrush": "117326142",
  "puddleink": "67514314",
  "theprotectorofarkham": "1027047827",
  "auhjjdigtk": "515347455",
  "noobdude0248": "630786268",
  "willowcinders": "1265501545",
  "beep_boop1716": "977710092",
  "duckman_man_": "974266773",
  "hehehaw_scare": "779660681",
  "ashdakoolman": "1409739313",
  "wyattotter": "135536259",
  "ashgreywolff": "1116209772",
  "puppyjax_vt": "752718074",
  "tmuchspageti": "58725018",
  "0chaotic__angel0": "622666990",
  "parasocialitevt": "1242894140",
  "lumine_lov": "1368652123",
  "prince_sableye": "1152319896",
  "rose_th0rns": "1290527368",
  "zyhns1": "537902284",
  "proper_fort_knox": "935034771",
  "amnocsa": "732813418",
  "gelyavtuber228": "1341171479",
  "lilfemboyz": "1411672879",
  "samson25025": "1219529561",
  "skimichi": "897392659",
  "ramdomrumble": "1321288594",
  "c9stormg739": "1009624851",
  "zakilucky07": "854333261",
  "demonthelorekeeper": "1417623846",
  "loveruki": "655693542",
  "fanglostthelaptop": "1418107613",
  "hydrati0n_": "503073854",
  "poetictexas": "609342129",
  "kaywhysosalty": "255642489",
  "samu8835": "1340689981",
  "lunalumenv": "920432267",
  "dante_takogator": "56593493",
  "thcnecchi": "272226780",
  "s3ntinal_": "993913830",
  "thedudeluke41": "788811629",
  "ilikegothmommythighs": "1418579699",
  "shikiamv": "1325757328",
  "ellthing": "135145543",
  "yokasiri": "834068358",
  "mommashybug": "464341218",
  "thebigdilfman": "475977231",
  "ghostft12": "1418990462",
  "ayatotakasu": "729266230",
  "viddless": "575675404",
  "jasmineemarie": "501264978",
  "thetreecats": "1132469322",
  "jjaymega": "174720856",
  "slipperino0": "271299416",
  "crimsoncoward": "423109938",
  "numerousbird": "945163046",
  "drunkfb": "453534391",
  "catzofortwi": "1271481110",
  "talijafavole": "1109834175",
  "lpmiteff": "602911821",
  "thecatmaro": "1266745974",
  "midori_nezumivt": "1052734960",
  "missychillichips": "1378701573",
  "wolfbane8832": "1387153724",
  "neonfoxlars": "1388302667",
  "thepixelmixel": "713682120",
  "chickenmcfemboy": "1412503543",
  "distinguishedauthor": "1367381616",
  "kingofalsland69": "925126159",
  "giggle_jiggles": "1390295317",
  "maverickwolfx": "68048957",
  "mystiequey": "926747357",
  "teruzond": "443794209",
  "kabbuse": "67103705",
  "tae_mondo": "241874415",
  "velo_vs": "574297271",
  "ocebor_idra_": "1207341624",
  "emilydahl78": "1414966361",
  "no_sad_nomad338": "1398275890",
  "godoffurries": "1374990533",
  "l_am_the_bird_of_hermes": "1133927743",
  "decayingchill": "1181933025",
  "emobunny16": "766412762",
  "medflanders": "72828780",
  "ein_glas_wasser": "420228143",
  "mr_dinonuts": "1423975755",
  "dakingoftheunderwrld": "1422414197",
  "ep1cslay3rd": "1423491577",
  "lilaclillian09": "1313289178",
  "kosdomos": "159474409",
  "goofybuddy101": "1421528791",
  "jimmyjayshals": "739945845",
  "dangemmy1234": "1423193044",
  "deusvultxxx": "219190223",
  "jefftheshark24": "869609584",
  "coroliav": "1089697012",
  "steven_keil": "1367788889",
  "minikingsparky": "1309653380",
  "maddielovedogs": "1425565311",
  "lucasavokad0": "1334461003",
  "kimitsunoyabamugentrain": "1413876532",
  "princemikan": "501240278",
  "mattwolfen": "83165924",
  "lauravixvix": "1231612632",
  "lightingcater": "1407005702",
  "fyroxine": "1425363498",
  "jesustheholy420": "1281846052",
  "swordsmachine67": "1421782769",
  "zielonypatrol": "1406480432",
  "kurtpov": "895336691",
  "childsrose": "50849308",
  "4khdmicapturecard": "720932774",
  "h_nt3dpr3y": "1091602350",
  "baabel_is_my_husband": "930264272",
  "2cool_2blazy": "1432072317",
  "desmondamofah": "187597347",
  "gramps_the_dog": "991173580",
  "soji_chan": "1003677239",
  "toriwako": "1402757636",
  "b_pugs": "799510679",
  "cargarn47worshipper": "1284340254",
  "saltbuttalks": "997152607",
  "datpotato122": "753762527",
  "verminouslizard": "90276431",
  "moogle_77": "1032659135",
  "shiyuura": "695868210",
  "mikazukinu": "1200729578",
  "miyukihimura": "799971758",
  "stersparrow": "926685541",
  "abenawar": "674510172",
  "cotton_low_n1": "1175524031",
  "theredm00n": "475695143",
  "the_911_terrist": "1430480880",
  "yoboyslothy": "1011496388",
  "grace6vn": "1432652334",
  "modfriend_": "916977002",
  "shadowmize": "1128114807",
  "pineapple15321": "432314561",
  "seraphinacollens": "1402508839",
  "5kt_rap": "559326662",
  "sakurarose1008": "1289266898",
  "therealspyyt": "1301248845",
  "charthecorgi": "1422766246",
  "fanofmusic578": "1378718023",
  "ash__letterman": "1234857454",
  "r3dmiztx": "554568660",
  "jake_star_live": "750063328",
  "project_exasperation": "1428465814",
  "vtlykastar": "1388382847",
  "getsum13": "1031177595",
  "fiberopticcablecord": "1210196107",
  "ati12234": "1279277147",
  "crowthesecretfinder": "1374216934",
  "bikudana": "255084772",
  "kodagreygaming": "412473125",
  "jm_tvg": "738213627",
  "derkaturk": "695881391",
  "btsarmyforever11": "1294198691",
  "m1n7y_": "407092640",
  "syntacksvt": "1047497591",
  "silentlywicked420": "846021908",
  "ketez1": "196094581",
  "zero_brainzells": "1318660889",
  "shuthebutler": "1320119280",
  "meryruna": "1322025539",
  "shortsniffer222": "1433818689",
  "felix6532": "1133720733",
  "neon100322": "1064984577",
  "sololeveling_1246": "1413949639",
  "crowsgameing": "1322688082",
  "need_food": "101326226",
  "aurorademercedes": "782515477",
  "miksu_owo": "1310964612",
  "the_black_rose34": "260644006",
  "maypleleafvt": "1237882084",
  "tihsiq_": "43537338",
  "gryphone666": "955118789",
  "victor30985": "1418739211",
  "liarscomeback": "1379285493",
  "ashtonimhungry": "1384294077",
  "kittyqueen1345": "1285119653",
  "silvbells": "37762754",
  "onyxmetalwolf": "62776423",
  "lialathedeer": "1355313836",
  "laurenkookie": "598266520",
  "olliethepuppydog20": "1323990743",
  "minjii_000": "1164999142",
  "fujiiple": "880502480",
  "trobbiothesparkly": "1365754039",
  "6nyxiesticks6": "1135857225",
  "xo_twiggles_ox": "1394284208",
  "void_ofdead": "1076762847",
  "s0ul_god": "1435400313",
  "bardron1": "554555881",
  "junoiku": "1407453523",
  "wailing_wendigo": "498016378",
  "officialhappinesslive": "656533820",
  "mahikoi_en": "154917731",
  "mynameslio": "1412891241",
  "darligh_sol_lunax3": "171777726",
  "pipidikitty": "685001994",
  "tsunaxo": "859012633",
  "kaititanium": "1336493732",
  "jjthebear123": "1437037861",
  "sabitoandgiyu": "1332678009",
  "voidragon477": "1393780322",
  "cr_r4ge": "858539934",
  "possayclapper": "1311927772",
  "zael_the_toaster": "682317318",
  "yyyyfdugyu": "255494488",
  "foxiwf": "1305469191",
  "eurgei": "1348372952",
  "drakdragon214": "180093940",
  "hatchet_neko": "551896652",
  "puffypotatoartist": "150386661",
  "roughnuts123": "126656671",
  "hitman109109": "27493933",
  "zekruul": "48692577",
  "dimplyorca46013": "1010640829",
  "loamyvt": "1375301189",
  "sigilfirebrand": "27992729",
  "chaoticchips": "134618754",
  "sputnikst": "1326830451",
  "masonitaly": "1331605351",
  "lyphui": "169922748",
  "millisecond97": "176434834",
  "mininagisaa": "909331070",
  "perkonkan": "100545636",
  "wastechan": "1351301874",
  "susanoo_susa": "215343934",
  "angelb91682": "1250826367",
  "thecannibalboy": "572840370",
  "kiteman61": "573836744",
  "kitsunharukavt": "476906222",
  "sour_candi3s": "1399558288",
  "artic_steen2": "1048197969",
  "hbfan08": "1171784831",
  "krishawk1909": "1436453092",
  "foxiheaven": "461427328",
  "thereddyest": "1120416801",
  "luxiaberry": "1089836852",
  "kiroo_loverboy": "1438084619",
  "nekulturn0": "232653474",
  "endian0": "724256481",
  "lawless5696": "1436340025",
  "theaurabloom": "68924526",
  "xxemohokagexx": "258870764",
  "the_grim___": "990497490",
  "the___wind_": "1073475877",
  "bananaarenotreal": "409826958",
  "b14k3_here": "701508044",
  "yukitheghostvt": "1410945801",
  "bitterashes": "54948328",
  "ilovefatoldmen": "932599974",
  "gourmetsoda": "575203258",
  "nuneyaki": "508224565",
  "thebigman0706": "212897227",
  "gone4souvenir": "900642024",
  "shoot0ut_trafalgar071": "940575287",
  "videl_dynamite": "1187066353",
  "dont_like_work": "465605557",
  "kamenrider_hydra": "744049912",
  "wizard_karlan": "228771229",
  "soberadvantage": "43697814",
  "chron0zome": "495388711",
  "leylathecatgirl": "1090054533",
  "astolfos_number1_gooner": "1145128788",
  "thedogvt": "929216269",
  "exdeathyourjudge": "41576221",
  "clever_diamonds": "1303013967",
  "offbeatscout26": "231426837",
  "justasmutreader": "1216806736",
  "0_louis3": "907451179",
  "nexell00": "903313024",
  "saku1000528": "1377117934",
  "nyxpullstringvt": "1382701739",
  "lybrookexo": "1412099955",
  "kittyl0vez": "1225369710",
  "nyazingerzed": "1229286115",
  "tamed_moogle": "734843731",
  "mr_shinejp": "1401254854",
  "musicalturtle10": "643263951",
  "berrycremez": "1386702849"
}