{
  "user_id": "100443699",
  "username": "veri",
  "achievements": {
    "earned": {
      "chat_10": "2025-12-02T22:06:58.457805+00:00",
      "gifted_cumulative_5": "2025-12-27T00:52:38.825559+00:00",
      "gifted_times_1": "2025-12-27T00:52:38.825559+00:00",
      "gifted_instance_5": "2025-12-27T00:52:38.825559+00:00",
      "subathon_2025_any": "2025-12-27T00:53:00.059614+00:00",
      "birthday_2025": "2025-12-27T00:53:00.059614+00:00",
      "chat_bork": "2025-12-27T00:54:35.722850+00:00"
    },
    "founded": {}
  }
}