{
  "user_id": "1148272331",
  "username": "light_is_the_one",
  "achievements": {
    "earned": {
      "redeem_checkin_1": "2025-11-15T21:07:54.822206+00:00",
      "redeem_checkin_2": "2025-12-22T21:51:35.699832+00:00",
      "subathon_2025": "2025-12-22T21:53:06.029187+00:00",
      "gamble_total_win_1": "2026-01-04T21:30:41.885048+00:00",
      "gamble_total_1": "2026-01-04T21:30:41.885048+00:00",
      "chat_10": "2026-01-04T21:30:41.898047+00:00",
      "gamble_total_loss_1": "2026-01-04T21:35:57.403205+00:00"
    },
    "founded": {}
  }
}