{
  "user_id": "1233185752",
  "username": "chloe_bunnychocolate",
  "achievements": {
    "earned": {
      "redeem_checkin_1": "2025-11-14T21:11:47.574016+00:00",
      "redeem_checkin_2": "2025-11-16T21:05:03.115387+00:00",
      "chat_10": "2025-11-24T22:44:07.122895+00:00",
      "redeem_checkin_5": "2025-11-24T22:44:11.915944+00:00",
      "redeem_total_5": "2025-11-24T22:44:11.915944+00:00",
      "redeem_checkin_10": "2025-12-15T23:35:18.094418+00:00",
      "redeem_total_10": "2025-12-15T23:35:18.095411+00:00",
      "subathon_2025_any": "2025-12-24T21:07:20.387656+00:00"
    },
    "founded": {}
  }
}