{
  "user_id": "585638569",
  "username": "niklas_b8",
  "achievements": {
    "earned": {
      "redeem_checkin_1": "2025-11-20T21:14:35.451950+00:00",
      "redeem_checkin_2": "2025-11-21T23:25:39.954767+00:00",
      "chat_10": "2025-11-23T21:32:22.131846+00:00",
      "redeem_checkin_5": "2025-11-24T21:08:17.553251+00:00",
      "redeem_total_5": "2025-11-24T21:08:17.553251+00:00",
      "redeem_checkin_10": "2025-12-08T21:06:05.511165+00:00",
      "redeem_total_10": "2025-12-08T21:06:05.511165+00:00",
      "subathon_2025_any": "2025-12-23T23:54:10.882856+00:00"
    },
    "founded": {}
  }
}