{
  "user_id": "739945845",
  "username": "jimmyjayshals",
  "achievements": {
    "earned": {
      "chat_sniff": "2026-01-15T22:11:39.440018+00:00",
      "chat_10": "2026-01-15T22:17:42.669922+00:00",
      "chat_ball": "2026-01-16T22:49:18.109443+00:00",
      "chat_bork": "2026-01-19T22:59:29.669052+00:00",
      "redeem_pet_1": "2026-01-20T23:16:12.804453+00:00",
      "chat_100": "2026-02-03T00:39:57.884738+00:00",
      "chat_bath": "2026-02-03T21:30:09.500283+00:00"
    },
    "founded": {}
  }
}