{
  "user_id": "803296743",
  "username": "goldchiwawa",
  "achievements": {
    "earned": {
      "chat_10": "2025-11-19T00:30:22.134183+00:00",
      "redeem_checkin_1": "2025-11-21T21:29:45.104951+00:00",
      "redeem_checkin_2": "2025-12-16T21:46:14.080250+00:00",
      "gifted_cumulative_5": "2025-12-24T21:36:13.833681+00:00",
      "gifted_times_1": "2025-12-24T21:36:13.833681+00:00",
      "gifted_instance_5": "2025-12-24T21:36:13.833681+00:00",
      "subathon_2025_any": "2025-12-24T21:37:12.878739+00:00"
    },
    "founded": {}
  }
}