{
  "user_id": "821273646",
  "username": "tiredmitsu",
  "achievements": {
    "earned": {
      "subathon_2025_any": "2025-12-24T00:13:22.453390+00:00",
      "redeem_pet_1": "2025-12-24T00:16:51.777663+00:00",
      "chat_10": "2025-12-24T00:21:21.612492+00:00",
      "redeem_checkin_1": "2025-12-26T01:11:00.525454+00:00",
      "redeem_checkin_2": "2025-12-27T21:22:09.558388+00:00",
      "redeem_total_5": "2026-01-16T21:15:35.002668+00:00",
      "redeem_checkin_5": "2026-01-20T21:27:45.519840+00:00",
      "redeem_total_10": "2026-01-22T21:03:26.259386+00:00"
    },
    "founded": {}
  }
}