{
  "user_id": "888705235",
  "username": "sagethelostvexmind",
  "achievements": {
    "earned": {
      "chat_10": "2025-11-13T21:27:37.632717+00:00",
      "redeem_pet_1": "2025-11-13T21:29:57.743362+00:00",
      "redeem_checkin_1": "2025-11-22T23:55:23.065663+00:00",
      "redeem_total_5": "2025-11-22T23:55:23.065663+00:00",
      "redeem_checkin_2": "2025-11-30T22:12:37.222343+00:00",
      "subathon_2025_any": "2025-12-25T22:23:33.148351+00:00",
      "redeem_total_10": "2026-01-03T23:42:24.241354+00:00",
      "redeem_checkin_5": "2026-01-24T00:58:51.883564+00:00"
    },
    "founded": {}
  }
}